{
	"menu_id" : "NvgMenu334_Options",
	"parent_menu_id" : "blt_options",
	"title" : "NvgMenu334_Options_title",
	"description" : "NvgMenu334_Options_desc",
	"back_callback" : "callback_NvgMenu334_Options_close",
	"items" : [
		{
			"type" : "multiple_choice",
			"id" : "NvgMenu334_Options_Color",
			"title" : "NvgMenu334_Options_Color_title",
			"description" : "NvgMenu334_Options_Color_desc",
			"callback" : "callback_NvgMenu334_Options_ColorChoice",
			"items" : [
				"NvgMenu334_Options_Color_Choice_Green",
				"NvgMenu334_Options_Color_Choice_Blue",
			],
			"value" : "ColorOption"
		}
	]
}